date,location,city,parameter,value,unit,latitude,longitude,country
2025-07-03T21:07:58.136678Z,Monitoring Station Delhi,Delhi,pm25,107.8,µg/m³,28.6139,77.209,India
2025-07-03T21:07:58.136678Z,Monitoring Station Delhi,Delhi,pm10,137.8,µg/m³,28.6139,77.209,India
2025-07-03T21:07:58.136678Z,Monitoring Station Mumbai,Mumbai,pm25,47.3,µg/m³,19.076,72.8777,India
2025-07-03T21:07:58.136678Z,Monitoring Station Mumbai,Mumbai,pm10,85.6,µg/m³,19.076,72.8777,India
2025-07-03T21:07:58.136678Z,Monitoring Station Bengaluru,Bengaluru,pm25,49.2,µg/m³,12.9716,77.5946,India
2025-07-03T21:07:58.136678Z,Monitoring Station Bengaluru,Bengaluru,pm10,67.1,µg/m³,12.9716,77.5946,India
2025-07-03T21:07:58.136678Z,Monitoring Station Chennai,Chennai,pm25,44.0,µg/m³,13.0827,80.2707,India
2025-07-03T21:07:58.136678Z,Monitoring Station Chennai,Chennai,pm10,60.1,µg/m³,13.0827,80.2707,India
2025-07-03T21:07:58.136678Z,Monitoring Station Kolkata,Kolkata,pm25,53.9,µg/m³,22.5726,88.3639,India
2025-07-03T21:07:58.136678Z,Monitoring Station Kolkata,Kolkata,pm10,112.0,µg/m³,22.5726,88.3639,India
2025-07-03T21:07:58.136678Z,Monitoring Station Hyderabad,Hyderabad,pm25,58.8,µg/m³,17.385,78.4867,India
2025-07-03T21:07:58.136678Z,Monitoring Station Hyderabad,Hyderabad,pm10,72.2,µg/m³,17.385,78.4867,India
2025-07-03T21:07:58.136678Z,Monitoring Station Pune,Pune,pm25,48.6,µg/m³,18.5204,73.8567,India
2025-07-03T21:07:58.136678Z,Monitoring Station Pune,Pune,pm10,87.6,µg/m³,18.5204,73.8567,India
2025-07-03T21:07:58.136678Z,Monitoring Station Ahmedabad,Ahmedabad,pm25,64.2,µg/m³,23.0225,72.5714,India
2025-07-03T21:07:58.136678Z,Monitoring Station Ahmedabad,Ahmedabad,pm10,77.8,µg/m³,23.0225,72.5714,India
2025-07-03T21:07:58.136678Z,Monitoring Station Jaipur,Jaipur,pm25,84.5,µg/m³,26.9124,75.7873,India
2025-07-03T21:07:58.136678Z,Monitoring Station Jaipur,Jaipur,pm10,124.0,µg/m³,26.9124,75.7873,India
2025-07-03T21:07:58.136678Z,Monitoring Station Noida,Noida,pm25,97.2,µg/m³,28.5355,77.391,India
2025-07-03T21:07:58.136678Z,Monitoring Station Noida,Noida,pm10,132.4,µg/m³,28.5355,77.391,India
2025-07-03T20:07:58.136678Z,Monitoring Station Delhi,Delhi,pm25,94.3,µg/m³,28.6139,77.209,India
2025-07-03T20:07:58.136678Z,Monitoring Station Delhi,Delhi,pm10,150.0,µg/m³,28.6139,77.209,India
2025-07-03T20:07:58.136678Z,Monitoring Station Mumbai,Mumbai,pm25,41.0,µg/m³,19.076,72.8777,India
2025-07-03T20:07:58.136678Z,Monitoring Station Mumbai,Mumbai,pm10,101.1,µg/m³,19.076,72.8777,India
2025-07-03T20:07:58.136678Z,Monitoring Station Bengaluru,Bengaluru,pm25,40.0,µg/m³,12.9716,77.5946,India
2025-07-03T20:07:58.136678Z,Monitoring Station Bengaluru,Bengaluru,pm10,66.9,µg/m³,12.9716,77.5946,India
2025-07-03T20:07:58.136678Z,Monitoring Station Chennai,Chennai,pm25,28.8,µg/m³,13.0827,80.2707,India
2025-07-03T20:07:58.136678Z,Monitoring Station Chennai,Chennai,pm10,77.5,µg/m³,13.0827,80.2707,India
2025-07-03T20:07:58.136678Z,Monitoring Station Kolkata,Kolkata,pm25,78.5,µg/m³,22.5726,88.3639,India
2025-07-03T20:07:58.136678Z,Monitoring Station Kolkata,Kolkata,pm10,127.2,µg/m³,22.5726,88.3639,India
2025-07-03T20:07:58.136678Z,Monitoring Station Hyderabad,Hyderabad,pm25,61.7,µg/m³,17.385,78.4867,India
2025-07-03T20:07:58.136678Z,Monitoring Station Hyderabad,Hyderabad,pm10,84.9,µg/m³,17.385,78.4867,India
2025-07-03T20:07:58.136678Z,Monitoring Station Pune,Pune,pm25,53.7,µg/m³,18.5204,73.8567,India
2025-07-03T20:07:58.136678Z,Monitoring Station Pune,Pune,pm10,61.7,µg/m³,18.5204,73.8567,India
2025-07-03T20:07:58.136678Z,Monitoring Station Ahmedabad,Ahmedabad,pm25,46.1,µg/m³,23.0225,72.5714,India
2025-07-03T20:07:58.136678Z,Monitoring Station Ahmedabad,Ahmedabad,pm10,109.5,µg/m³,23.0225,72.5714,India
2025-07-03T20:07:58.136678Z,Monitoring Station Jaipur,Jaipur,pm25,63.9,µg/m³,26.9124,75.7873,India
2025-07-03T20:07:58.136678Z,Monitoring Station Jaipur,Jaipur,pm10,108.9,µg/m³,26.9124,75.7873,India
2025-07-03T20:07:58.136678Z,Monitoring Station Noida,Noida,pm25,81.8,µg/m³,28.5355,77.391,India
2025-07-03T20:07:58.136678Z,Monitoring Station Noida,Noida,pm10,132.5,µg/m³,28.5355,77.391,India
2025-07-03T19:07:58.136678Z,Monitoring Station Delhi,Delhi,pm25,70.2,µg/m³,28.6139,77.209,India
2025-07-03T19:07:58.136678Z,Monitoring Station Delhi,Delhi,pm10,128.2,µg/m³,28.6139,77.209,India
2025-07-03T19:07:58.136678Z,Monitoring Station Mumbai,Mumbai,pm25,42.2,µg/m³,19.076,72.8777,India
2025-07-03T19:07:58.136678Z,Monitoring Station Mumbai,Mumbai,pm10,93.6,µg/m³,19.076,72.8777,India
2025-07-03T19:07:58.136678Z,Monitoring Station Bengaluru,Bengaluru,pm25,40.6,µg/m³,12.9716,77.5946,India
2025-07-03T19:07:58.136678Z,Monitoring Station Bengaluru,Bengaluru,pm10,73.3,µg/m³,12.9716,77.5946,India
2025-07-03T19:07:58.136678Z,Monitoring Station Chennai,Chennai,pm25,50.6,µg/m³,13.0827,80.2707,India
2025-07-03T19:07:58.136678Z,Monitoring Station Chennai,Chennai,pm10,60.8,µg/m³,13.0827,80.2707,India
2025-07-03T19:07:58.136678Z,Monitoring Station Kolkata,Kolkata,pm25,73.2,µg/m³,22.5726,88.3639,India
2025-07-03T19:07:58.136678Z,Monitoring Station Kolkata,Kolkata,pm10,97.1,µg/m³,22.5726,88.3639,India
2025-07-03T19:07:58.136678Z,Monitoring Station Hyderabad,Hyderabad,pm25,45.8,µg/m³,17.385,78.4867,India
2025-07-03T19:07:58.136678Z,Monitoring Station Hyderabad,Hyderabad,pm10,65.5,µg/m³,17.385,78.4867,India
2025-07-03T19:07:58.136678Z,Monitoring Station Pune,Pune,pm25,58.0,µg/m³,18.5204,73.8567,India
2025-07-03T19:07:58.136678Z,Monitoring Station Pune,Pune,pm10,60.3,µg/m³,18.5204,73.8567,India
2025-07-03T19:07:58.136678Z,Monitoring Station Ahmedabad,Ahmedabad,pm25,67.6,µg/m³,23.0225,72.5714,India
2025-07-03T19:07:58.136678Z,Monitoring Station Ahmedabad,Ahmedabad,pm10,96.7,µg/m³,23.0225,72.5714,India
2025-07-03T19:07:58.136678Z,Monitoring Station Jaipur,Jaipur,pm25,50.8,µg/m³,26.9124,75.7873,India
2025-07-03T19:07:58.136678Z,Monitoring Station Jaipur,Jaipur,pm10,108.9,µg/m³,26.9124,75.7873,India
2025-07-03T19:07:58.136678Z,Monitoring Station Noida,Noida,pm25,92.6,µg/m³,28.5355,77.391,India
2025-07-03T19:07:58.136678Z,Monitoring Station Noida,Noida,pm10,119.1,µg/m³,28.5355,77.391,India
2025-07-03T18:07:58.136678Z,Monitoring Station Delhi,Delhi,pm25,62.7,µg/m³,28.6139,77.209,India
2025-07-03T18:07:58.136678Z,Monitoring Station Delhi,Delhi,pm10,142.9,µg/m³,28.6139,77.209,India
2025-07-03T18:07:58.136678Z,Monitoring Station Mumbai,Mumbai,pm25,62.5,µg/m³,19.076,72.8777,India
2025-07-03T18:07:58.136678Z,Monitoring Station Mumbai,Mumbai,pm10,74.3,µg/m³,19.076,72.8777,India
2025-07-03T18:07:58.136678Z,Monitoring Station Bengaluru,Bengaluru,pm25,45.8,µg/m³,12.9716,77.5946,India
2025-07-03T18:07:58.136678Z,Monitoring Station Bengaluru,Bengaluru,pm10,59.3,µg/m³,12.9716,77.5946,India
2025-07-03T18:07:58.136678Z,Monitoring Station Chennai,Chennai,pm25,47.0,µg/m³,13.0827,80.2707,India
2025-07-03T18:07:58.136678Z,Monitoring Station Chennai,Chennai,pm10,71.7,µg/m³,13.0827,80.2707,India
2025-07-03T18:07:58.136678Z,Monitoring Station Kolkata,Kolkata,pm25,81.5,µg/m³,22.5726,88.3639,India
2025-07-03T18:07:58.136678Z,Monitoring Station Kolkata,Kolkata,pm10,121.5,µg/m³,22.5726,88.3639,India
2025-07-03T18:07:58.136678Z,Monitoring Station Hyderabad,Hyderabad,pm25,51.9,µg/m³,17.385,78.4867,India
2025-07-03T18:07:58.136678Z,Monitoring Station Hyderabad,Hyderabad,pm10,65.9,µg/m³,17.385,78.4867,India
2025-07-03T18:07:58.136678Z,Monitoring Station Pune,Pune,pm25,33.9,µg/m³,18.5204,73.8567,India
2025-07-03T18:07:58.136678Z,Monitoring Station Pune,Pune,pm10,64.6,µg/m³,18.5204,73.8567,India
2025-07-03T18:07:58.136678Z,Monitoring Station Ahmedabad,Ahmedabad,pm25,54.3,µg/m³,23.0225,72.5714,India
2025-07-03T18:07:58.136678Z,Monitoring Station Ahmedabad,Ahmedabad,pm10,90.8,µg/m³,23.0225,72.5714,India
2025-07-03T18:07:58.136678Z,Monitoring Station Jaipur,Jaipur,pm25,70.0,µg/m³,26.9124,75.7873,India
2025-07-03T18:07:58.136678Z,Monitoring Station Jaipur,Jaipur,pm10,110.7,µg/m³,26.9124,75.7873,India
2025-07-03T18:07:58.136678Z,Monitoring Station Noida,Noida,pm25,96.2,µg/m³,28.5355,77.391,India
2025-07-03T18:07:58.136678Z,Monitoring Station Noida,Noida,pm10,118.1,µg/m³,28.5355,77.391,India
2025-07-03T17:07:58.136678Z,Monitoring Station Delhi,Delhi,pm25,96.3,µg/m³,28.6139,77.209,India
2025-07-03T17:07:58.136678Z,Monitoring Station Delhi,Delhi,pm10,148.1,µg/m³,28.6139,77.209,India
2025-07-03T17:07:58.136678Z,Monitoring Station Mumbai,Mumbai,pm25,48.8,µg/m³,19.076,72.8777,India
2025-07-03T17:07:58.136678Z,Monitoring Station Mumbai,Mumbai,pm10,79.1,µg/m³,19.076,72.8777,India
2025-07-03T17:07:58.136678Z,Monitoring Station Bengaluru,Bengaluru,pm25,54.6,µg/m³,12.9716,77.5946,India
2025-07-03T17:07:58.136678Z,Monitoring Station Bengaluru,Bengaluru,pm10,57.5,µg/m³,12.9716,77.5946,India
2025-07-03T17:07:58.136678Z,Monitoring Station Chennai,Chennai,pm25,37.4,µg/m³,13.0827,80.2707,India
2025-07-03T17:07:58.136678Z,Monitoring Station Chennai,Chennai,pm10,67.2,µg/m³,13.0827,80.2707,India
2025-07-03T17:07:58.136678Z,Monitoring Station Kolkata,Kolkata,pm25,58.4,µg/m³,22.5726,88.3639,India
2025-07-03T17:07:58.136678Z,Monitoring Station Kolkata,Kolkata,pm10,119.2,µg/m³,22.5726,88.3639,India
2025-07-03T17:07:58.136678Z,Monitoring Station Hyderabad,Hyderabad,pm25,56.7,µg/m³,17.385,78.4867,India
2025-07-03T17:07:58.136678Z,Monitoring Station Hyderabad,Hyderabad,pm10,69.4,µg/m³,17.385,78.4867,India
2025-07-03T17:07:58.136678Z,Monitoring Station Pune,Pune,pm25,45.8,µg/m³,18.5204,73.8567,India
2025-07-03T17:07:58.136678Z,Monitoring Station Pune,Pune,pm10,84.3,µg/m³,18.5204,73.8567,India
2025-07-03T17:07:58.136678Z,Monitoring Station Ahmedabad,Ahmedabad,pm25,62.1,µg/m³,23.0225,72.5714,India
2025-07-03T17:07:58.136678Z,Monitoring Station Ahmedabad,Ahmedabad,pm10,107.9,µg/m³,23.0225,72.5714,India
2025-07-03T17:07:58.136678Z,Monitoring Station Jaipur,Jaipur,pm25,81.5,µg/m³,26.9124,75.7873,India
2025-07-03T17:07:58.136678Z,Monitoring Station Jaipur,Jaipur,pm10,134.4,µg/m³,26.9124,75.7873,India
2025-07-03T17:07:58.136678Z,Monitoring Station Noida,Noida,pm25,61.7,µg/m³,28.5355,77.391,India
2025-07-03T17:07:58.136678Z,Monitoring Station Noida,Noida,pm10,116.8,µg/m³,28.5355,77.391,India
2025-07-03T16:07:58.136678Z,Monitoring Station Delhi,Delhi,pm25,89.0,µg/m³,28.6139,77.209,India
2025-07-03T16:07:58.136678Z,Monitoring Station Delhi,Delhi,pm10,150.8,µg/m³,28.6139,77.209,India
2025-07-03T16:07:58.136678Z,Monitoring Station Mumbai,Mumbai,pm25,62.2,µg/m³,19.076,72.8777,India
2025-07-03T16:07:58.136678Z,Monitoring Station Mumbai,Mumbai,pm10,82.3,µg/m³,19.076,72.8777,India
2025-07-03T16:07:58.136678Z,Monitoring Station Bengaluru,Bengaluru,pm25,43.2,µg/m³,12.9716,77.5946,India
2025-07-03T16:07:58.136678Z,Monitoring Station Bengaluru,Bengaluru,pm10,83.5,µg/m³,12.9716,77.5946,India
2025-07-03T16:07:58.136678Z,Monitoring Station Chennai,Chennai,pm25,32.3,µg/m³,13.0827,80.2707,India
2025-07-03T16:07:58.136678Z,Monitoring Station Chennai,Chennai,pm10,68.3,µg/m³,13.0827,80.2707,India
2025-07-03T16:07:58.136678Z,Monitoring Station Kolkata,Kolkata,pm25,69.3,µg/m³,22.5726,88.3639,India
2025-07-03T16:07:58.136678Z,Monitoring Station Kolkata,Kolkata,pm10,129.6,µg/m³,22.5726,88.3639,India
2025-07-03T16:07:58.136678Z,Monitoring Station Hyderabad,Hyderabad,pm25,64.5,µg/m³,17.385,78.4867,India
2025-07-03T16:07:58.136678Z,Monitoring Station Hyderabad,Hyderabad,pm10,70.9,µg/m³,17.385,78.4867,India
2025-07-03T16:07:58.136678Z,Monitoring Station Pune,Pune,pm25,61.5,µg/m³,18.5204,73.8567,India
2025-07-03T16:07:58.136678Z,Monitoring Station Pune,Pune,pm10,63.8,µg/m³,18.5204,73.8567,India
2025-07-03T16:07:58.136678Z,Monitoring Station Ahmedabad,Ahmedabad,pm25,46.3,µg/m³,23.0225,72.5714,India
2025-07-03T16:07:58.136678Z,Monitoring Station Ahmedabad,Ahmedabad,pm10,113.5,µg/m³,23.0225,72.5714,India
2025-07-03T16:07:58.136678Z,Monitoring Station Jaipur,Jaipur,pm25,59.5,µg/m³,26.9124,75.7873,India
2025-07-03T16:07:58.136678Z,Monitoring Station Jaipur,Jaipur,pm10,104.8,µg/m³,26.9124,75.7873,India
2025-07-03T16:07:58.136678Z,Monitoring Station Noida,Noida,pm25,80.6,µg/m³,28.5355,77.391,India
2025-07-03T16:07:58.136678Z,Monitoring Station Noida,Noida,pm10,140.9,µg/m³,28.5355,77.391,India
2025-07-03T15:07:58.136678Z,Monitoring Station Delhi,Delhi,pm25,108.4,µg/m³,28.6139,77.209,India
2025-07-03T15:07:58.136678Z,Monitoring Station Delhi,Delhi,pm10,129.6,µg/m³,28.6139,77.209,India
2025-07-03T15:07:58.136678Z,Monitoring Station Mumbai,Mumbai,pm25,53.0,µg/m³,19.076,72.8777,India
2025-07-03T15:07:58.136678Z,Monitoring Station Mumbai,Mumbai,pm10,77.1,µg/m³,19.076,72.8777,India
2025-07-03T15:07:58.136678Z,Monitoring Station Bengaluru,Bengaluru,pm25,52.8,µg/m³,12.9716,77.5946,India
2025-07-03T15:07:58.136678Z,Monitoring Station Bengaluru,Bengaluru,pm10,57.3,µg/m³,12.9716,77.5946,India
2025-07-03T15:07:58.136678Z,Monitoring Station Chennai,Chennai,pm25,33.2,µg/m³,13.0827,80.2707,India
2025-07-03T15:07:58.136678Z,Monitoring Station Chennai,Chennai,pm10,65.7,µg/m³,13.0827,80.2707,India
2025-07-03T15:07:58.136678Z,Monitoring Station Kolkata,Kolkata,pm25,70.0,µg/m³,22.5726,88.3639,India
2025-07-03T15:07:58.136678Z,Monitoring Station Kolkata,Kolkata,pm10,98.3,µg/m³,22.5726,88.3639,India
2025-07-03T15:07:58.136678Z,Monitoring Station Hyderabad,Hyderabad,pm25,35.4,µg/m³,17.385,78.4867,India
2025-07-03T15:07:58.136678Z,Monitoring Station Hyderabad,Hyderabad,pm10,75.2,µg/m³,17.385,78.4867,India
2025-07-03T15:07:58.136678Z,Monitoring Station Pune,Pune,pm25,55.3,µg/m³,18.5204,73.8567,India
2025-07-03T15:07:58.136678Z,Monitoring Station Pune,Pune,pm10,83.2,µg/m³,18.5204,73.8567,India
2025-07-03T15:07:58.136678Z,Monitoring Station Ahmedabad,Ahmedabad,pm25,46.7,µg/m³,23.0225,72.5714,India
2025-07-03T15:07:58.136678Z,Monitoring Station Ahmedabad,Ahmedabad,pm10,113.0,µg/m³,23.0225,72.5714,India
2025-07-03T15:07:58.136678Z,Monitoring Station Jaipur,Jaipur,pm25,74.6,µg/m³,26.9124,75.7873,India
2025-07-03T15:07:58.136678Z,Monitoring Station Jaipur,Jaipur,pm10,101.6,µg/m³,26.9124,75.7873,India
2025-07-03T15:07:58.136678Z,Monitoring Station Noida,Noida,pm25,77.6,µg/m³,28.5355,77.391,India
2025-07-03T15:07:58.136678Z,Monitoring Station Noida,Noida,pm10,148.1,µg/m³,28.5355,77.391,India
2025-07-03T14:07:58.136678Z,Monitoring Station Delhi,Delhi,pm25,62.8,µg/m³,28.6139,77.209,India
2025-07-03T14:07:58.136678Z,Monitoring Station Delhi,Delhi,pm10,125.0,µg/m³,28.6139,77.209,India
2025-07-03T14:07:58.136678Z,Monitoring Station Mumbai,Mumbai,pm25,62.1,µg/m³,19.076,72.8777,India
2025-07-03T14:07:58.136678Z,Monitoring Station Mumbai,Mumbai,pm10,90.9,µg/m³,19.076,72.8777,India
2025-07-03T14:07:58.136678Z,Monitoring Station Bengaluru,Bengaluru,pm25,34.8,µg/m³,12.9716,77.5946,India
2025-07-03T14:07:58.136678Z,Monitoring Station Bengaluru,Bengaluru,pm10,58.2,µg/m³,12.9716,77.5946,India
2025-07-03T14:07:58.136678Z,Monitoring Station Chennai,Chennai,pm25,31.2,µg/m³,13.0827,80.2707,India
2025-07-03T14:07:58.136678Z,Monitoring Station Chennai,Chennai,pm10,56.9,µg/m³,13.0827,80.2707,India
2025-07-03T14:07:58.136678Z,Monitoring Station Kolkata,Kolkata,pm25,83.6,µg/m³,22.5726,88.3639,India
2025-07-03T14:07:58.136678Z,Monitoring Station Kolkata,Kolkata,pm10,108.5,µg/m³,22.5726,88.3639,India
2025-07-03T14:07:58.136678Z,Monitoring Station Hyderabad,Hyderabad,pm25,64.4,µg/m³,17.385,78.4867,India
2025-07-03T14:07:58.136678Z,Monitoring Station Hyderabad,Hyderabad,pm10,93.8,µg/m³,17.385,78.4867,India
2025-07-03T14:07:58.136678Z,Monitoring Station Pune,Pune,pm25,61.3,µg/m³,18.5204,73.8567,India
2025-07-03T14:07:58.136678Z,Monitoring Station Pune,Pune,pm10,86.8,µg/m³,18.5204,73.8567,India
2025-07-03T14:07:58.136678Z,Monitoring Station Ahmedabad,Ahmedabad,pm25,70.3,µg/m³,23.0225,72.5714,India
2025-07-03T14:07:58.136678Z,Monitoring Station Ahmedabad,Ahmedabad,pm10,103.3,µg/m³,23.0225,72.5714,India
2025-07-03T14:07:58.136678Z,Monitoring Station Jaipur,Jaipur,pm25,65.5,µg/m³,26.9124,75.7873,India
2025-07-03T14:07:58.136678Z,Monitoring Station Jaipur,Jaipur,pm10,130.4,µg/m³,26.9124,75.7873,India
2025-07-03T14:07:58.136678Z,Monitoring Station Noida,Noida,pm25,99.8,µg/m³,28.5355,77.391,India
2025-07-03T14:07:58.136678Z,Monitoring Station Noida,Noida,pm10,142.6,µg/m³,28.5355,77.391,India
2025-07-03T13:07:58.136678Z,Monitoring Station Delhi,Delhi,pm25,95.3,µg/m³,28.6139,77.209,India
2025-07-03T13:07:58.136678Z,Monitoring Station Delhi,Delhi,pm10,142.2,µg/m³,28.6139,77.209,India
2025-07-03T13:07:58.136678Z,Monitoring Station Mumbai,Mumbai,pm25,67.5,µg/m³,19.076,72.8777,India
2025-07-03T13:07:58.136678Z,Monitoring Station Mumbai,Mumbai,pm10,82.6,µg/m³,19.076,72.8777,India
2025-07-03T13:07:58.136678Z,Monitoring Station Bengaluru,Bengaluru,pm25,41.4,µg/m³,12.9716,77.5946,India
2025-07-03T13:07:58.136678Z,Monitoring Station Bengaluru,Bengaluru,pm10,78.6,µg/m³,12.9716,77.5946,India
2025-07-03T13:07:58.136678Z,Monitoring Station Chennai,Chennai,pm25,51.3,µg/m³,13.0827,80.2707,India
2025-07-03T13:07:58.136678Z,Monitoring Station Chennai,Chennai,pm10,65.9,µg/m³,13.0827,80.2707,India
2025-07-03T13:07:58.136678Z,Monitoring Station Kolkata,Kolkata,pm25,54.7,µg/m³,22.5726,88.3639,India
2025-07-03T13:07:58.136678Z,Monitoring Station Kolkata,Kolkata,pm10,113.9,µg/m³,22.5726,88.3639,India
2025-07-03T13:07:58.136678Z,Monitoring Station Hyderabad,Hyderabad,pm25,54.0,µg/m³,17.385,78.4867,India
2025-07-03T13:07:58.136678Z,Monitoring Station Hyderabad,Hyderabad,pm10,75.1,µg/m³,17.385,78.4867,India
2025-07-03T13:07:58.136678Z,Monitoring Station Pune,Pune,pm25,61.6,µg/m³,18.5204,73.8567,India
2025-07-03T13:07:58.136678Z,Monitoring Station Pune,Pune,pm10,68.8,µg/m³,18.5204,73.8567,India
2025-07-03T13:07:58.136678Z,Monitoring Station Ahmedabad,Ahmedabad,pm25,46.5,µg/m³,23.0225,72.5714,India
2025-07-03T13:07:58.136678Z,Monitoring Station Ahmedabad,Ahmedabad,pm10,89.1,µg/m³,23.0225,72.5714,India
2025-07-03T13:07:58.136678Z,Monitoring Station Jaipur,Jaipur,pm25,52.9,µg/m³,26.9124,75.7873,India
2025-07-03T13:07:58.136678Z,Monitoring Station Jaipur,Jaipur,pm10,123.9,µg/m³,26.9124,75.7873,India
2025-07-03T13:07:58.136678Z,Monitoring Station Noida,Noida,pm25,65.5,µg/m³,28.5355,77.391,India
2025-07-03T13:07:58.136678Z,Monitoring Station Noida,Noida,pm10,153.8,µg/m³,28.5355,77.391,India
2025-07-03T12:07:58.136678Z,Monitoring Station Delhi,Delhi,pm25,92.9,µg/m³,28.6139,77.209,India
2025-07-03T12:07:58.136678Z,Monitoring Station Delhi,Delhi,pm10,128.3,µg/m³,28.6139,77.209,India
2025-07-03T12:07:58.136678Z,Monitoring Station Mumbai,Mumbai,pm25,59.7,µg/m³,19.076,72.8777,India
2025-07-03T12:07:58.136678Z,Monitoring Station Mumbai,Mumbai,pm10,75.0,µg/m³,19.076,72.8777,India
2025-07-03T12:07:58.136678Z,Monitoring Station Bengaluru,Bengaluru,pm25,52.3,µg/m³,12.9716,77.5946,India
2025-07-03T12:07:58.136678Z,Monitoring Station Bengaluru,Bengaluru,pm10,79.8,µg/m³,12.9716,77.5946,India
2025-07-03T12:07:58.136678Z,Monitoring Station Chennai,Chennai,pm25,45.3,µg/m³,13.0827,80.2707,India
2025-07-03T12:07:58.136678Z,Monitoring Station Chennai,Chennai,pm10,69.2,µg/m³,13.0827,80.2707,India
2025-07-03T12:07:58.136678Z,Monitoring Station Kolkata,Kolkata,pm25,55.9,µg/m³,22.5726,88.3639,India
2025-07-03T12:07:58.136678Z,Monitoring Station Kolkata,Kolkata,pm10,126.6,µg/m³,22.5726,88.3639,India
2025-07-03T12:07:58.136678Z,Monitoring Station Hyderabad,Hyderabad,pm25,49.9,µg/m³,17.385,78.4867,India
2025-07-03T12:07:58.136678Z,Monitoring Station Hyderabad,Hyderabad,pm10,79.7,µg/m³,17.385,78.4867,India
2025-07-03T12:07:58.136678Z,Monitoring Station Pune,Pune,pm25,43.1,µg/m³,18.5204,73.8567,India
2025-07-03T12:07:58.136678Z,Monitoring Station Pune,Pune,pm10,77.3,µg/m³,18.5204,73.8567,India
2025-07-03T12:07:58.136678Z,Monitoring Station Ahmedabad,Ahmedabad,pm25,63.9,µg/m³,23.0225,72.5714,India
2025-07-03T12:07:58.136678Z,Monitoring Station Ahmedabad,Ahmedabad,pm10,109.8,µg/m³,23.0225,72.5714,India
2025-07-03T12:07:58.136678Z,Monitoring Station Jaipur,Jaipur,pm25,66.7,µg/m³,26.9124,75.7873,India
2025-07-03T12:07:58.136678Z,Monitoring Station Jaipur,Jaipur,pm10,112.6,µg/m³,26.9124,75.7873,India
2025-07-03T12:07:58.136678Z,Monitoring Station Noida,Noida,pm25,93.6,µg/m³,28.5355,77.391,India
2025-07-03T12:07:58.136678Z,Monitoring Station Noida,Noida,pm10,114.4,µg/m³,28.5355,77.391,India
2025-07-03T11:07:58.136678Z,Monitoring Station Delhi,Delhi,pm25,68.6,µg/m³,28.6139,77.209,India
2025-07-03T11:07:58.136678Z,Monitoring Station Delhi,Delhi,pm10,124.4,µg/m³,28.6139,77.209,India
2025-07-03T11:07:58.136678Z,Monitoring Station Mumbai,Mumbai,pm25,40.2,µg/m³,19.076,72.8777,India
2025-07-03T11:07:58.136678Z,Monitoring Station Mumbai,Mumbai,pm10,95.3,µg/m³,19.076,72.8777,India
2025-07-03T11:07:58.136678Z,Monitoring Station Bengaluru,Bengaluru,pm25,45.2,µg/m³,12.9716,77.5946,India
2025-07-03T11:07:58.136678Z,Monitoring Station Bengaluru,Bengaluru,pm10,56.3,µg/m³,12.9716,77.5946,India
2025-07-03T11:07:58.136678Z,Monitoring Station Chennai,Chennai,pm25,30.9,µg/m³,13.0827,80.2707,India
2025-07-03T11:07:58.136678Z,Monitoring Station Chennai,Chennai,pm10,54.1,µg/m³,13.0827,80.2707,India
2025-07-03T11:07:58.136678Z,Monitoring Station Kolkata,Kolkata,pm25,62.6,µg/m³,22.5726,88.3639,India
2025-07-03T11:07:58.136678Z,Monitoring Station Kolkata,Kolkata,pm10,90.2,µg/m³,22.5726,88.3639,India
2025-07-03T11:07:58.136678Z,Monitoring Station Hyderabad,Hyderabad,pm25,49.5,µg/m³,17.385,78.4867,India
2025-07-03T11:07:58.136678Z,Monitoring Station Hyderabad,Hyderabad,pm10,70.6,µg/m³,17.385,78.4867,India
2025-07-03T11:07:58.136678Z,Monitoring Station Pune,Pune,pm25,61.7,µg/m³,18.5204,73.8567,India
2025-07-03T11:07:58.136678Z,Monitoring Station Pune,Pune,pm10,86.4,µg/m³,18.5204,73.8567,India
2025-07-03T11:07:58.136678Z,Monitoring Station Ahmedabad,Ahmedabad,pm25,72.5,µg/m³,23.0225,72.5714,India
2025-07-03T11:07:58.136678Z,Monitoring Station Ahmedabad,Ahmedabad,pm10,97.7,µg/m³,23.0225,72.5714,India
2025-07-03T11:07:58.136678Z,Monitoring Station Jaipur,Jaipur,pm25,67.3,µg/m³,26.9124,75.7873,India
2025-07-03T11:07:58.136678Z,Monitoring Station Jaipur,Jaipur,pm10,139.6,µg/m³,26.9124,75.7873,India
2025-07-03T11:07:58.136678Z,Monitoring Station Noida,Noida,pm25,102.8,µg/m³,28.5355,77.391,India
2025-07-03T11:07:58.136678Z,Monitoring Station Noida,Noida,pm10,166.8,µg/m³,28.5355,77.391,India
2025-07-03T10:07:58.136678Z,Monitoring Station Delhi,Delhi,pm25,96.9,µg/m³,28.6139,77.209,India
2025-07-03T10:07:58.136678Z,Monitoring Station Delhi,Delhi,pm10,179.3,µg/m³,28.6139,77.209,India
2025-07-03T10:07:58.136678Z,Monitoring Station Mumbai,Mumbai,pm25,66.7,µg/m³,19.076,72.8777,India
2025-07-03T10:07:58.136678Z,Monitoring Station Mumbai,Mumbai,pm10,101.1,µg/m³,19.076,72.8777,India
2025-07-03T10:07:58.136678Z,Monitoring Station Bengaluru,Bengaluru,pm25,47.4,µg/m³,12.9716,77.5946,India
2025-07-03T10:07:58.136678Z,Monitoring Station Bengaluru,Bengaluru,pm10,62.3,µg/m³,12.9716,77.5946,India
2025-07-03T10:07:58.136678Z,Monitoring Station Chennai,Chennai,pm25,37.1,µg/m³,13.0827,80.2707,India
2025-07-03T10:07:58.136678Z,Monitoring Station Chennai,Chennai,pm10,52.3,µg/m³,13.0827,80.2707,India
2025-07-03T10:07:58.136678Z,Monitoring Station Kolkata,Kolkata,pm25,68.7,µg/m³,22.5726,88.3639,India
2025-07-03T10:07:58.136678Z,Monitoring Station Kolkata,Kolkata,pm10,112.7,µg/m³,22.5726,88.3639,India
2025-07-03T10:07:58.136678Z,Monitoring Station Hyderabad,Hyderabad,pm25,38.5,µg/m³,17.385,78.4867,India
2025-07-03T10:07:58.136678Z,Monitoring Station Hyderabad,Hyderabad,pm10,68.3,µg/m³,17.385,78.4867,India
2025-07-03T10:07:58.136678Z,Monitoring Station Pune,Pune,pm25,44.4,µg/m³,18.5204,73.8567,India
2025-07-03T10:07:58.136678Z,Monitoring Station Pune,Pune,pm10,84.5,µg/m³,18.5204,73.8567,India
2025-07-03T10:07:58.136678Z,Monitoring Station Ahmedabad,Ahmedabad,pm25,70.8,µg/m³,23.0225,72.5714,India
2025-07-03T10:07:58.136678Z,Monitoring Station Ahmedabad,Ahmedabad,pm10,111.5,µg/m³,23.0225,72.5714,India
2025-07-03T10:07:58.136678Z,Monitoring Station Jaipur,Jaipur,pm25,79.6,µg/m³,26.9124,75.7873,India
2025-07-03T10:07:58.136678Z,Monitoring Station Jaipur,Jaipur,pm10,124.9,µg/m³,26.9124,75.7873,India
2025-07-03T10:07:58.136678Z,Monitoring Station Noida,Noida,pm25,59.6,µg/m³,28.5355,77.391,India
2025-07-03T10:07:58.136678Z,Monitoring Station Noida,Noida,pm10,118.5,µg/m³,28.5355,77.391,India
2025-07-03T09:07:58.136678Z,Monitoring Station Delhi,Delhi,pm25,95.0,µg/m³,28.6139,77.209,India
2025-07-03T09:07:58.136678Z,Monitoring Station Delhi,Delhi,pm10,170.0,µg/m³,28.6139,77.209,India
2025-07-03T09:07:58.136678Z,Monitoring Station Mumbai,Mumbai,pm25,66.0,µg/m³,19.076,72.8777,India
2025-07-03T09:07:58.136678Z,Monitoring Station Mumbai,Mumbai,pm10,84.6,µg/m³,19.076,72.8777,India
2025-07-03T09:07:58.136678Z,Monitoring Station Bengaluru,Bengaluru,pm25,39.3,µg/m³,12.9716,77.5946,India
2025-07-03T09:07:58.136678Z,Monitoring Station Bengaluru,Bengaluru,pm10,62.7,µg/m³,12.9716,77.5946,India
2025-07-03T09:07:58.136678Z,Monitoring Station Chennai,Chennai,pm25,50.3,µg/m³,13.0827,80.2707,India
2025-07-03T09:07:58.136678Z,Monitoring Station Chennai,Chennai,pm10,72.7,µg/m³,13.0827,80.2707,India
2025-07-03T09:07:58.136678Z,Monitoring Station Kolkata,Kolkata,pm25,74.0,µg/m³,22.5726,88.3639,India
2025-07-03T09:07:58.136678Z,Monitoring Station Kolkata,Kolkata,pm10,117.8,µg/m³,22.5726,88.3639,India
2025-07-03T09:07:58.136678Z,Monitoring Station Hyderabad,Hyderabad,pm25,64.7,µg/m³,17.385,78.4867,India
2025-07-03T09:07:58.136678Z,Monitoring Station Hyderabad,Hyderabad,pm10,87.1,µg/m³,17.385,78.4867,India
2025-07-03T09:07:58.136678Z,Monitoring Station Pune,Pune,pm25,53.7,µg/m³,18.5204,73.8567,India
2025-07-03T09:07:58.136678Z,Monitoring Station Pune,Pune,pm10,64.0,µg/m³,18.5204,73.8567,India
2025-07-03T09:07:58.136678Z,Monitoring Station Ahmedabad,Ahmedabad,pm25,65.6,µg/m³,23.0225,72.5714,India
2025-07-03T09:07:58.136678Z,Monitoring Station Ahmedabad,Ahmedabad,pm10,77.3,µg/m³,23.0225,72.5714,India
2025-07-03T09:07:58.136678Z,Monitoring Station Jaipur,Jaipur,pm25,64.9,µg/m³,26.9124,75.7873,India
2025-07-03T09:07:58.136678Z,Monitoring Station Jaipur,Jaipur,pm10,108.4,µg/m³,26.9124,75.7873,India
2025-07-03T09:07:58.136678Z,Monitoring Station Noida,Noida,pm25,96.0,µg/m³,28.5355,77.391,India
2025-07-03T09:07:58.136678Z,Monitoring Station Noida,Noida,pm10,122.3,µg/m³,28.5355,77.391,India
2025-07-03T08:07:58.136678Z,Monitoring Station Delhi,Delhi,pm25,106.7,µg/m³,28.6139,77.209,India
2025-07-03T08:07:58.136678Z,Monitoring Station Delhi,Delhi,pm10,124.5,µg/m³,28.6139,77.209,India
2025-07-03T08:07:58.136678Z,Monitoring Station Mumbai,Mumbai,pm25,46.8,µg/m³,19.076,72.8777,India
2025-07-03T08:07:58.136678Z,Monitoring Station Mumbai,Mumbai,pm10,90.3,µg/m³,19.076,72.8777,India
2025-07-03T08:07:58.136678Z,Monitoring Station Bengaluru,Bengaluru,pm25,45.6,µg/m³,12.9716,77.5946,India
2025-07-03T08:07:58.136678Z,Monitoring Station Bengaluru,Bengaluru,pm10,65.2,µg/m³,12.9716,77.5946,India
2025-07-03T08:07:58.136678Z,Monitoring Station Chennai,Chennai,pm25,35.4,µg/m³,13.0827,80.2707,India
2025-07-03T08:07:58.136678Z,Monitoring Station Chennai,Chennai,pm10,77.0,µg/m³,13.0827,80.2707,India
2025-07-03T08:07:58.136678Z,Monitoring Station Kolkata,Kolkata,pm25,48.0,µg/m³,22.5726,88.3639,India
2025-07-03T08:07:58.136678Z,Monitoring Station Kolkata,Kolkata,pm10,89.7,µg/m³,22.5726,88.3639,India
2025-07-03T08:07:58.136678Z,Monitoring Station Hyderabad,Hyderabad,pm25,63.8,µg/m³,17.385,78.4867,India
2025-07-03T08:07:58.136678Z,Monitoring Station Hyderabad,Hyderabad,pm10,73.0,µg/m³,17.385,78.4867,India
2025-07-03T08:07:58.136678Z,Monitoring Station Pune,Pune,pm25,56.9,µg/m³,18.5204,73.8567,India
2025-07-03T08:07:58.136678Z,Monitoring Station Pune,Pune,pm10,83.5,µg/m³,18.5204,73.8567,India
2025-07-03T08:07:58.136678Z,Monitoring Station Ahmedabad,Ahmedabad,pm25,52.1,µg/m³,23.0225,72.5714,India
2025-07-03T08:07:58.136678Z,Monitoring Station Ahmedabad,Ahmedabad,pm10,97.5,µg/m³,23.0225,72.5714,India
2025-07-03T08:07:58.136678Z,Monitoring Station Jaipur,Jaipur,pm25,53.8,µg/m³,26.9124,75.7873,India
2025-07-03T08:07:58.136678Z,Monitoring Station Jaipur,Jaipur,pm10,96.9,µg/m³,26.9124,75.7873,India
2025-07-03T08:07:58.136678Z,Monitoring Station Noida,Noida,pm25,100.5,µg/m³,28.5355,77.391,India
2025-07-03T08:07:58.136678Z,Monitoring Station Noida,Noida,pm10,154.2,µg/m³,28.5355,77.391,India
2025-07-03T07:07:58.136678Z,Monitoring Station Delhi,Delhi,pm25,73.5,µg/m³,28.6139,77.209,India
2025-07-03T07:07:58.136678Z,Monitoring Station Delhi,Delhi,pm10,155.6,µg/m³,28.6139,77.209,India
2025-07-03T07:07:58.136678Z,Monitoring Station Mumbai,Mumbai,pm25,61.2,µg/m³,19.076,72.8777,India
2025-07-03T07:07:58.136678Z,Monitoring Station Mumbai,Mumbai,pm10,85.4,µg/m³,19.076,72.8777,India
2025-07-03T07:07:58.136678Z,Monitoring Station Bengaluru,Bengaluru,pm25,40.4,µg/m³,12.9716,77.5946,India
2025-07-03T07:07:58.136678Z,Monitoring Station Bengaluru,Bengaluru,pm10,56.1,µg/m³,12.9716,77.5946,India
2025-07-03T07:07:58.136678Z,Monitoring Station Chennai,Chennai,pm25,48.3,µg/m³,13.0827,80.2707,India
2025-07-03T07:07:58.136678Z,Monitoring Station Chennai,Chennai,pm10,73.0,µg/m³,13.0827,80.2707,India
2025-07-03T07:07:58.136678Z,Monitoring Station Kolkata,Kolkata,pm25,66.3,µg/m³,22.5726,88.3639,India
2025-07-03T07:07:58.136678Z,Monitoring Station Kolkata,Kolkata,pm10,91.7,µg/m³,22.5726,88.3639,India
2025-07-03T07:07:58.136678Z,Monitoring Station Hyderabad,Hyderabad,pm25,53.0,µg/m³,17.385,78.4867,India
2025-07-03T07:07:58.136678Z,Monitoring Station Hyderabad,Hyderabad,pm10,95.0,µg/m³,17.385,78.4867,India
2025-07-03T07:07:58.136678Z,Monitoring Station Pune,Pune,pm25,36.7,µg/m³,18.5204,73.8567,India
2025-07-03T07:07:58.136678Z,Monitoring Station Pune,Pune,pm10,76.3,µg/m³,18.5204,73.8567,India
2025-07-03T07:07:58.136678Z,Monitoring Station Ahmedabad,Ahmedabad,pm25,72.7,µg/m³,23.0225,72.5714,India
2025-07-03T07:07:58.136678Z,Monitoring Station Ahmedabad,Ahmedabad,pm10,82.2,µg/m³,23.0225,72.5714,India
2025-07-03T07:07:58.136678Z,Monitoring Station Jaipur,Jaipur,pm25,78.4,µg/m³,26.9124,75.7873,India
2025-07-03T07:07:58.136678Z,Monitoring Station Jaipur,Jaipur,pm10,132.8,µg/m³,26.9124,75.7873,India
2025-07-03T07:07:58.136678Z,Monitoring Station Noida,Noida,pm25,68.6,µg/m³,28.5355,77.391,India
2025-07-03T07:07:58.136678Z,Monitoring Station Noida,Noida,pm10,124.4,µg/m³,28.5355,77.391,India
2025-07-03T06:07:58.136678Z,Monitoring Station Delhi,Delhi,pm25,93.8,µg/m³,28.6139,77.209,India
2025-07-03T06:07:58.136678Z,Monitoring Station Delhi,Delhi,pm10,172.1,µg/m³,28.6139,77.209,India
2025-07-03T06:07:58.136678Z,Monitoring Station Mumbai,Mumbai,pm25,45.5,µg/m³,19.076,72.8777,India
2025-07-03T06:07:58.136678Z,Monitoring Station Mumbai,Mumbai,pm10,76.0,µg/m³,19.076,72.8777,India
2025-07-03T06:07:58.136678Z,Monitoring Station Bengaluru,Bengaluru,pm25,53.5,µg/m³,12.9716,77.5946,India
2025-07-03T06:07:58.136678Z,Monitoring Station Bengaluru,Bengaluru,pm10,73.0,µg/m³,12.9716,77.5946,India
2025-07-03T06:07:58.136678Z,Monitoring Station Chennai,Chennai,pm25,37.5,µg/m³,13.0827,80.2707,India
2025-07-03T06:07:58.136678Z,Monitoring Station Chennai,Chennai,pm10,58.9,µg/m³,13.0827,80.2707,India
2025-07-03T06:07:58.136678Z,Monitoring Station Kolkata,Kolkata,pm25,84.1,µg/m³,22.5726,88.3639,India
2025-07-03T06:07:58.136678Z,Monitoring Station Kolkata,Kolkata,pm10,91.5,µg/m³,22.5726,88.3639,India
2025-07-03T06:07:58.136678Z,Monitoring Station Hyderabad,Hyderabad,pm25,39.0,µg/m³,17.385,78.4867,India
2025-07-03T06:07:58.136678Z,Monitoring Station Hyderabad,Hyderabad,pm10,86.3,µg/m³,17.385,78.4867,India
2025-07-03T06:07:58.136678Z,Monitoring Station Pune,Pune,pm25,49.7,µg/m³,18.5204,73.8567,India
2025-07-03T06:07:58.136678Z,Monitoring Station Pune,Pune,pm10,79.9,µg/m³,18.5204,73.8567,India
2025-07-03T06:07:58.136678Z,Monitoring Station Ahmedabad,Ahmedabad,pm25,60.6,µg/m³,23.0225,72.5714,India
2025-07-03T06:07:58.136678Z,Monitoring Station Ahmedabad,Ahmedabad,pm10,81.3,µg/m³,23.0225,72.5714,India
2025-07-03T06:07:58.136678Z,Monitoring Station Jaipur,Jaipur,pm25,75.2,µg/m³,26.9124,75.7873,India
2025-07-03T06:07:58.136678Z,Monitoring Station Jaipur,Jaipur,pm10,124.0,µg/m³,26.9124,75.7873,India
2025-07-03T06:07:58.136678Z,Monitoring Station Noida,Noida,pm25,88.0,µg/m³,28.5355,77.391,India
2025-07-03T06:07:58.136678Z,Monitoring Station Noida,Noida,pm10,134.9,µg/m³,28.5355,77.391,India
2025-07-03T05:07:58.136678Z,Monitoring Station Delhi,Delhi,pm25,83.7,µg/m³,28.6139,77.209,India
2025-07-03T05:07:58.136678Z,Monitoring Station Delhi,Delhi,pm10,122.5,µg/m³,28.6139,77.209,India
2025-07-03T05:07:58.136678Z,Monitoring Station Mumbai,Mumbai,pm25,49.9,µg/m³,19.076,72.8777,India
2025-07-03T05:07:58.136678Z,Monitoring Station Mumbai,Mumbai,pm10,71.1,µg/m³,19.076,72.8777,India
2025-07-03T05:07:58.136678Z,Monitoring Station Bengaluru,Bengaluru,pm25,46.0,µg/m³,12.9716,77.5946,India
2025-07-03T05:07:58.136678Z,Monitoring Station Bengaluru,Bengaluru,pm10,67.7,µg/m³,12.9716,77.5946,India
2025-07-03T05:07:58.136678Z,Monitoring Station Chennai,Chennai,pm25,28.2,µg/m³,13.0827,80.2707,India
2025-07-03T05:07:58.136678Z,Monitoring Station Chennai,Chennai,pm10,52.2,µg/m³,13.0827,80.2707,India
2025-07-03T05:07:58.136678Z,Monitoring Station Kolkata,Kolkata,pm25,48.6,µg/m³,22.5726,88.3639,India
2025-07-03T05:07:58.136678Z,Monitoring Station Kolkata,Kolkata,pm10,92.1,µg/m³,22.5726,88.3639,India
2025-07-03T05:07:58.136678Z,Monitoring Station Hyderabad,Hyderabad,pm25,38.3,µg/m³,17.385,78.4867,India
2025-07-03T05:07:58.136678Z,Monitoring Station Hyderabad,Hyderabad,pm10,85.4,µg/m³,17.385,78.4867,India
2025-07-03T05:07:58.136678Z,Monitoring Station Pune,Pune,pm25,42.1,µg/m³,18.5204,73.8567,India
2025-07-03T05:07:58.136678Z,Monitoring Station Pune,Pune,pm10,72.8,µg/m³,18.5204,73.8567,India
2025-07-03T05:07:58.136678Z,Monitoring Station Ahmedabad,Ahmedabad,pm25,67.1,µg/m³,23.0225,72.5714,India
2025-07-03T05:07:58.136678Z,Monitoring Station Ahmedabad,Ahmedabad,pm10,113.9,µg/m³,23.0225,72.5714,India
2025-07-03T05:07:58.136678Z,Monitoring Station Jaipur,Jaipur,pm25,75.8,µg/m³,26.9124,75.7873,India
2025-07-03T05:07:58.136678Z,Monitoring Station Jaipur,Jaipur,pm10,109.4,µg/m³,26.9124,75.7873,India
2025-07-03T05:07:58.136678Z,Monitoring Station Noida,Noida,pm25,69.3,µg/m³,28.5355,77.391,India
2025-07-03T05:07:58.136678Z,Monitoring Station Noida,Noida,pm10,119.6,µg/m³,28.5355,77.391,India
2025-07-03T04:07:58.136678Z,Monitoring Station Delhi,Delhi,pm25,62.2,µg/m³,28.6139,77.209,India
2025-07-03T04:07:58.136678Z,Monitoring Station Delhi,Delhi,pm10,122.0,µg/m³,28.6139,77.209,India
2025-07-03T04:07:58.136678Z,Monitoring Station Mumbai,Mumbai,pm25,42.6,µg/m³,19.076,72.8777,India
2025-07-03T04:07:58.136678Z,Monitoring Station Mumbai,Mumbai,pm10,101.6,µg/m³,19.076,72.8777,India
2025-07-03T04:07:58.136678Z,Monitoring Station Bengaluru,Bengaluru,pm25,52.2,µg/m³,12.9716,77.5946,India
2025-07-03T04:07:58.136678Z,Monitoring Station Bengaluru,Bengaluru,pm10,56.3,µg/m³,12.9716,77.5946,India
2025-07-03T04:07:58.136678Z,Monitoring Station Chennai,Chennai,pm25,38.7,µg/m³,13.0827,80.2707,India
2025-07-03T04:07:58.136678Z,Monitoring Station Chennai,Chennai,pm10,77.8,µg/m³,13.0827,80.2707,India
2025-07-03T04:07:58.136678Z,Monitoring Station Kolkata,Kolkata,pm25,82.0,µg/m³,22.5726,88.3639,India
2025-07-03T04:07:58.136678Z,Monitoring Station Kolkata,Kolkata,pm10,96.2,µg/m³,22.5726,88.3639,India
2025-07-03T04:07:58.136678Z,Monitoring Station Hyderabad,Hyderabad,pm25,42.8,µg/m³,17.385,78.4867,India
2025-07-03T04:07:58.136678Z,Monitoring Station Hyderabad,Hyderabad,pm10,88.6,µg/m³,17.385,78.4867,India
2025-07-03T04:07:58.136678Z,Monitoring Station Pune,Pune,pm25,50.7,µg/m³,18.5204,73.8567,India
2025-07-03T04:07:58.136678Z,Monitoring Station Pune,Pune,pm10,78.9,µg/m³,18.5204,73.8567,India
2025-07-03T04:07:58.136678Z,Monitoring Station Ahmedabad,Ahmedabad,pm25,59.7,µg/m³,23.0225,72.5714,India
2025-07-03T04:07:58.136678Z,Monitoring Station Ahmedabad,Ahmedabad,pm10,93.8,µg/m³,23.0225,72.5714,India
2025-07-03T04:07:58.136678Z,Monitoring Station Jaipur,Jaipur,pm25,79.5,µg/m³,26.9124,75.7873,India
2025-07-03T04:07:58.136678Z,Monitoring Station Jaipur,Jaipur,pm10,106.8,µg/m³,26.9124,75.7873,India
2025-07-03T04:07:58.136678Z,Monitoring Station Noida,Noida,pm25,81.4,µg/m³,28.5355,77.391,India
2025-07-03T04:07:58.136678Z,Monitoring Station Noida,Noida,pm10,164.0,µg/m³,28.5355,77.391,India
2025-07-03T03:07:58.136678Z,Monitoring Station Delhi,Delhi,pm25,107.0,µg/m³,28.6139,77.209,India
2025-07-03T03:07:58.136678Z,Monitoring Station Delhi,Delhi,pm10,144.4,µg/m³,28.6139,77.209,India
2025-07-03T03:07:58.136678Z,Monitoring Station Mumbai,Mumbai,pm25,48.5,µg/m³,19.076,72.8777,India
2025-07-03T03:07:58.136678Z,Monitoring Station Mumbai,Mumbai,pm10,88.3,µg/m³,19.076,72.8777,India
2025-07-03T03:07:58.136678Z,Monitoring Station Bengaluru,Bengaluru,pm25,33.4,µg/m³,12.9716,77.5946,India
2025-07-03T03:07:58.136678Z,Monitoring Station Bengaluru,Bengaluru,pm10,63.0,µg/m³,12.9716,77.5946,India
2025-07-03T03:07:58.136678Z,Monitoring Station Chennai,Chennai,pm25,36.5,µg/m³,13.0827,80.2707,India
2025-07-03T03:07:58.136678Z,Monitoring Station Chennai,Chennai,pm10,63.9,µg/m³,13.0827,80.2707,India
2025-07-03T03:07:58.136678Z,Monitoring Station Kolkata,Kolkata,pm25,81.4,µg/m³,22.5726,88.3639,India
2025-07-03T03:07:58.136678Z,Monitoring Station Kolkata,Kolkata,pm10,114.6,µg/m³,22.5726,88.3639,India
2025-07-03T03:07:58.136678Z,Monitoring Station Hyderabad,Hyderabad,pm25,57.4,µg/m³,17.385,78.4867,India
2025-07-03T03:07:58.136678Z,Monitoring Station Hyderabad,Hyderabad,pm10,69.1,µg/m³,17.385,78.4867,India
2025-07-03T03:07:58.136678Z,Monitoring Station Pune,Pune,pm25,48.1,µg/m³,18.5204,73.8567,India
2025-07-03T03:07:58.136678Z,Monitoring Station Pune,Pune,pm10,86.8,µg/m³,18.5204,73.8567,India
2025-07-03T03:07:58.136678Z,Monitoring Station Ahmedabad,Ahmedabad,pm25,64.3,µg/m³,23.0225,72.5714,India
2025-07-03T03:07:58.136678Z,Monitoring Station Ahmedabad,Ahmedabad,pm10,106.1,µg/m³,23.0225,72.5714,India
2025-07-03T03:07:58.136678Z,Monitoring Station Jaipur,Jaipur,pm25,86.0,µg/m³,26.9124,75.7873,India
2025-07-03T03:07:58.136678Z,Monitoring Station Jaipur,Jaipur,pm10,99.4,µg/m³,26.9124,75.7873,India
2025-07-03T03:07:58.136678Z,Monitoring Station Noida,Noida,pm25,67.9,µg/m³,28.5355,77.391,India
2025-07-03T03:07:58.136678Z,Monitoring Station Noida,Noida,pm10,142.0,µg/m³,28.5355,77.391,India
2025-07-03T02:07:58.136678Z,Monitoring Station Delhi,Delhi,pm25,62.0,µg/m³,28.6139,77.209,India
2025-07-03T02:07:58.136678Z,Monitoring Station Delhi,Delhi,pm10,141.6,µg/m³,28.6139,77.209,India
2025-07-03T02:07:58.136678Z,Monitoring Station Mumbai,Mumbai,pm25,60.6,µg/m³,19.076,72.8777,India
2025-07-03T02:07:58.136678Z,Monitoring Station Mumbai,Mumbai,pm10,77.7,µg/m³,19.076,72.8777,India
2025-07-03T02:07:58.136678Z,Monitoring Station Bengaluru,Bengaluru,pm25,46.5,µg/m³,12.9716,77.5946,India
2025-07-03T02:07:58.136678Z,Monitoring Station Bengaluru,Bengaluru,pm10,79.0,µg/m³,12.9716,77.5946,India
2025-07-03T02:07:58.136678Z,Monitoring Station Chennai,Chennai,pm25,41.8,µg/m³,13.0827,80.2707,India
2025-07-03T02:07:58.136678Z,Monitoring Station Chennai,Chennai,pm10,63.5,µg/m³,13.0827,80.2707,India
2025-07-03T02:07:58.136678Z,Monitoring Station Kolkata,Kolkata,pm25,77.9,µg/m³,22.5726,88.3639,India
2025-07-03T02:07:58.136678Z,Monitoring Station Kolkata,Kolkata,pm10,95.6,µg/m³,22.5726,88.3639,India
2025-07-03T02:07:58.136678Z,Monitoring Station Hyderabad,Hyderabad,pm25,61.9,µg/m³,17.385,78.4867,India
2025-07-03T02:07:58.136678Z,Monitoring Station Hyderabad,Hyderabad,pm10,90.1,µg/m³,17.385,78.4867,India
2025-07-03T02:07:58.136678Z,Monitoring Station Pune,Pune,pm25,42.2,µg/m³,18.5204,73.8567,India
2025-07-03T02:07:58.136678Z,Monitoring Station Pune,Pune,pm10,85.9,µg/m³,18.5204,73.8567,India
2025-07-03T02:07:58.136678Z,Monitoring Station Ahmedabad,Ahmedabad,pm25,75.4,µg/m³,23.0225,72.5714,India
2025-07-03T02:07:58.136678Z,Monitoring Station Ahmedabad,Ahmedabad,pm10,101.3,µg/m³,23.0225,72.5714,India
2025-07-03T02:07:58.136678Z,Monitoring Station Jaipur,Jaipur,pm25,72.4,µg/m³,26.9124,75.7873,India
2025-07-03T02:07:58.136678Z,Monitoring Station Jaipur,Jaipur,pm10,130.3,µg/m³,26.9124,75.7873,India
2025-07-03T02:07:58.136678Z,Monitoring Station Noida,Noida,pm25,86.6,µg/m³,28.5355,77.391,India
2025-07-03T02:07:58.136678Z,Monitoring Station Noida,Noida,pm10,149.1,µg/m³,28.5355,77.391,India
2025-07-03T01:07:58.136678Z,Monitoring Station Delhi,Delhi,pm25,67.8,µg/m³,28.6139,77.209,India
2025-07-03T01:07:58.136678Z,Monitoring Station Delhi,Delhi,pm10,165.5,µg/m³,28.6139,77.209,India
2025-07-03T01:07:58.136678Z,Monitoring Station Mumbai,Mumbai,pm25,55.9,µg/m³,19.076,72.8777,India
2025-07-03T01:07:58.136678Z,Monitoring Station Mumbai,Mumbai,pm10,101.0,µg/m³,19.076,72.8777,India
2025-07-03T01:07:58.136678Z,Monitoring Station Bengaluru,Bengaluru,pm25,40.0,µg/m³,12.9716,77.5946,India
2025-07-03T01:07:58.136678Z,Monitoring Station Bengaluru,Bengaluru,pm10,63.9,µg/m³,12.9716,77.5946,India
2025-07-03T01:07:58.136678Z,Monitoring Station Chennai,Chennai,pm25,46.9,µg/m³,13.0827,80.2707,India
2025-07-03T01:07:58.136678Z,Monitoring Station Chennai,Chennai,pm10,56.2,µg/m³,13.0827,80.2707,India
2025-07-03T01:07:58.136678Z,Monitoring Station Kolkata,Kolkata,pm25,49.6,µg/m³,22.5726,88.3639,India
2025-07-03T01:07:58.136678Z,Monitoring Station Kolkata,Kolkata,pm10,114.3,µg/m³,22.5726,88.3639,India
2025-07-03T01:07:58.136678Z,Monitoring Station Hyderabad,Hyderabad,pm25,45.1,µg/m³,17.385,78.4867,India
2025-07-03T01:07:58.136678Z,Monitoring Station Hyderabad,Hyderabad,pm10,95.5,µg/m³,17.385,78.4867,India
2025-07-03T01:07:58.136678Z,Monitoring Station Pune,Pune,pm25,33.9,µg/m³,18.5204,73.8567,India
2025-07-03T01:07:58.136678Z,Monitoring Station Pune,Pune,pm10,64.7,µg/m³,18.5204,73.8567,India
2025-07-03T01:07:58.136678Z,Monitoring Station Ahmedabad,Ahmedabad,pm25,65.3,µg/m³,23.0225,72.5714,India
2025-07-03T01:07:58.136678Z,Monitoring Station Ahmedabad,Ahmedabad,pm10,92.1,µg/m³,23.0225,72.5714,India
2025-07-03T01:07:58.136678Z,Monitoring Station Jaipur,Jaipur,pm25,73.3,µg/m³,26.9124,75.7873,India
2025-07-03T01:07:58.136678Z,Monitoring Station Jaipur,Jaipur,pm10,108.4,µg/m³,26.9124,75.7873,India
2025-07-03T01:07:58.136678Z,Monitoring Station Noida,Noida,pm25,73.0,µg/m³,28.5355,77.391,India
2025-07-03T01:07:58.136678Z,Monitoring Station Noida,Noida,pm10,146.4,µg/m³,28.5355,77.391,India
2025-07-03T00:07:58.136678Z,Monitoring Station Delhi,Delhi,pm25,70.9,µg/m³,28.6139,77.209,India
2025-07-03T00:07:58.136678Z,Monitoring Station Delhi,Delhi,pm10,141.8,µg/m³,28.6139,77.209,India
2025-07-03T00:07:58.136678Z,Monitoring Station Mumbai,Mumbai,pm25,49.2,µg/m³,19.076,72.8777,India
2025-07-03T00:07:58.136678Z,Monitoring Station Mumbai,Mumbai,pm10,90.8,µg/m³,19.076,72.8777,India
2025-07-03T00:07:58.136678Z,Monitoring Station Bengaluru,Bengaluru,pm25,37.0,µg/m³,12.9716,77.5946,India
2025-07-03T00:07:58.136678Z,Monitoring Station Bengaluru,Bengaluru,pm10,65.6,µg/m³,12.9716,77.5946,India
2025-07-03T00:07:58.136678Z,Monitoring Station Chennai,Chennai,pm25,44.4,µg/m³,13.0827,80.2707,India
2025-07-03T00:07:58.136678Z,Monitoring Station Chennai,Chennai,pm10,73.2,µg/m³,13.0827,80.2707,India
2025-07-03T00:07:58.136678Z,Monitoring Station Kolkata,Kolkata,pm25,47.8,µg/m³,22.5726,88.3639,India
2025-07-03T00:07:58.136678Z,Monitoring Station Kolkata,Kolkata,pm10,127.0,µg/m³,22.5726,88.3639,India
2025-07-03T00:07:58.136678Z,Monitoring Station Hyderabad,Hyderabad,pm25,52.4,µg/m³,17.385,78.4867,India
2025-07-03T00:07:58.136678Z,Monitoring Station Hyderabad,Hyderabad,pm10,81.1,µg/m³,17.385,78.4867,India
2025-07-03T00:07:58.136678Z,Monitoring Station Pune,Pune,pm25,54.3,µg/m³,18.5204,73.8567,India
2025-07-03T00:07:58.136678Z,Monitoring Station Pune,Pune,pm10,81.5,µg/m³,18.5204,73.8567,India
2025-07-03T00:07:58.136678Z,Monitoring Station Ahmedabad,Ahmedabad,pm25,46.4,µg/m³,23.0225,72.5714,India
2025-07-03T00:07:58.136678Z,Monitoring Station Ahmedabad,Ahmedabad,pm10,106.1,µg/m³,23.0225,72.5714,India
2025-07-03T00:07:58.136678Z,Monitoring Station Jaipur,Jaipur,pm25,66.3,µg/m³,26.9124,75.7873,India
2025-07-03T00:07:58.136678Z,Monitoring Station Jaipur,Jaipur,pm10,118.2,µg/m³,26.9124,75.7873,India
2025-07-03T00:07:58.136678Z,Monitoring Station Noida,Noida,pm25,67.1,µg/m³,28.5355,77.391,India
2025-07-03T00:07:58.136678Z,Monitoring Station Noida,Noida,pm10,154.0,µg/m³,28.5355,77.391,India
2025-07-02T23:07:58.136678Z,Monitoring Station Delhi,Delhi,pm25,64.2,µg/m³,28.6139,77.209,India
2025-07-02T23:07:58.136678Z,Monitoring Station Delhi,Delhi,pm10,157.2,µg/m³,28.6139,77.209,India
2025-07-02T23:07:58.136678Z,Monitoring Station Mumbai,Mumbai,pm25,60.0,µg/m³,19.076,72.8777,India
2025-07-02T23:07:58.136678Z,Monitoring Station Mumbai,Mumbai,pm10,90.2,µg/m³,19.076,72.8777,India
2025-07-02T23:07:58.136678Z,Monitoring Station Bengaluru,Bengaluru,pm25,43.6,µg/m³,12.9716,77.5946,India
2025-07-02T23:07:58.136678Z,Monitoring Station Bengaluru,Bengaluru,pm10,75.1,µg/m³,12.9716,77.5946,India
2025-07-02T23:07:58.136678Z,Monitoring Station Chennai,Chennai,pm25,46.5,µg/m³,13.0827,80.2707,India
2025-07-02T23:07:58.136678Z,Monitoring Station Chennai,Chennai,pm10,58.9,µg/m³,13.0827,80.2707,India
2025-07-02T23:07:58.136678Z,Monitoring Station Kolkata,Kolkata,pm25,72.9,µg/m³,22.5726,88.3639,India
2025-07-02T23:07:58.136678Z,Monitoring Station Kolkata,Kolkata,pm10,96.8,µg/m³,22.5726,88.3639,India
2025-07-02T23:07:58.136678Z,Monitoring Station Hyderabad,Hyderabad,pm25,64.5,µg/m³,17.385,78.4867,India
2025-07-02T23:07:58.136678Z,Monitoring Station Hyderabad,Hyderabad,pm10,71.6,µg/m³,17.385,78.4867,India
2025-07-02T23:07:58.136678Z,Monitoring Station Pune,Pune,pm25,34.2,µg/m³,18.5204,73.8567,India
2025-07-02T23:07:58.136678Z,Monitoring Station Pune,Pune,pm10,85.2,µg/m³,18.5204,73.8567,India
2025-07-02T23:07:58.136678Z,Monitoring Station Ahmedabad,Ahmedabad,pm25,54.9,µg/m³,23.0225,72.5714,India
2025-07-02T23:07:58.136678Z,Monitoring Station Ahmedabad,Ahmedabad,pm10,105.0,µg/m³,23.0225,72.5714,India
2025-07-02T23:07:58.136678Z,Monitoring Station Jaipur,Jaipur,pm25,84.9,µg/m³,26.9124,75.7873,India
2025-07-02T23:07:58.136678Z,Monitoring Station Jaipur,Jaipur,pm10,99.1,µg/m³,26.9124,75.7873,India
2025-07-02T23:07:58.136678Z,Monitoring Station Noida,Noida,pm25,72.5,µg/m³,28.5355,77.391,India
2025-07-02T23:07:58.136678Z,Monitoring Station Noida,Noida,pm10,133.2,µg/m³,28.5355,77.391,India
2025-07-02T22:07:58.136678Z,Monitoring Station Delhi,Delhi,pm25,104.7,µg/m³,28.6139,77.209,India
2025-07-02T22:07:58.136678Z,Monitoring Station Delhi,Delhi,pm10,159.4,µg/m³,28.6139,77.209,India
2025-07-02T22:07:58.136678Z,Monitoring Station Mumbai,Mumbai,pm25,40.8,µg/m³,19.076,72.8777,India
2025-07-02T22:07:58.136678Z,Monitoring Station Mumbai,Mumbai,pm10,79.1,µg/m³,19.076,72.8777,India
2025-07-02T22:07:58.136678Z,Monitoring Station Bengaluru,Bengaluru,pm25,58.0,µg/m³,12.9716,77.5946,India
2025-07-02T22:07:58.136678Z,Monitoring Station Bengaluru,Bengaluru,pm10,83.3,µg/m³,12.9716,77.5946,India
2025-07-02T22:07:58.136678Z,Monitoring Station Chennai,Chennai,pm25,46.9,µg/m³,13.0827,80.2707,India
2025-07-02T22:07:58.136678Z,Monitoring Station Chennai,Chennai,pm10,59.5,µg/m³,13.0827,80.2707,India
2025-07-02T22:07:58.136678Z,Monitoring Station Kolkata,Kolkata,pm25,82.0,µg/m³,22.5726,88.3639,India
2025-07-02T22:07:58.136678Z,Monitoring Station Kolkata,Kolkata,pm10,119.6,µg/m³,22.5726,88.3639,India
2025-07-02T22:07:58.136678Z,Monitoring Station Hyderabad,Hyderabad,pm25,47.1,µg/m³,17.385,78.4867,India
2025-07-02T22:07:58.136678Z,Monitoring Station Hyderabad,Hyderabad,pm10,65.8,µg/m³,17.385,78.4867,India
2025-07-02T22:07:58.136678Z,Monitoring Station Pune,Pune,pm25,46.5,µg/m³,18.5204,73.8567,India
2025-07-02T22:07:58.136678Z,Monitoring Station Pune,Pune,pm10,73.3,µg/m³,18.5204,73.8567,India
2025-07-02T22:07:58.136678Z,Monitoring Station Ahmedabad,Ahmedabad,pm25,43.8,µg/m³,23.0225,72.5714,India
2025-07-02T22:07:58.136678Z,Monitoring Station Ahmedabad,Ahmedabad,pm10,111.6,µg/m³,23.0225,72.5714,India
2025-07-02T22:07:58.136678Z,Monitoring Station Jaipur,Jaipur,pm25,76.4,µg/m³,26.9124,75.7873,India
2025-07-02T22:07:58.136678Z,Monitoring Station Jaipur,Jaipur,pm10,136.3,µg/m³,26.9124,75.7873,India
2025-07-02T22:07:58.136678Z,Monitoring Station Noida,Noida,pm25,59.0,µg/m³,28.5355,77.391,India
2025-07-02T22:07:58.136678Z,Monitoring Station Noida,Noida,pm10,122.6,µg/m³,28.5355,77.391,India
